Kirk,1
Ellis,11
Mario,44
Zack,36
Erik,97
Grady,64
Pat,6
Brian,18
Jeff,14
Leonardo,37
Xavier,93
Rodrick,102
Anthony,54
Noel,70
Curt,44
Eusebio,84
Ronald,30
Boyce,42
Errol,5
Edmund,68
Van,10
Eric,69
Maxwell,45
Johnnie,52
Eloy,15
Wilber,87
Virgil,71
Jeramy,32
Ernie,68
Elwood,39
Bradley,100
Mauricio,76
Paris,14
Jeffery,52
Hoyt,56
Rex,50
Carrol,53
Shannon,24
Williams,40
Maria,47
Hosea,103
Dirk,1
Collin,88
Danial,5
Willian,87
Garry,92
Diego,83
Jay,49
Owen,18
Loren,86
Moses,16
Gale,100
Ted,15
Xavier,22
Fidel,94
Charley,37
Bo,64
Tommie,98
Lindsay,93
Odis,44
Brett,99
Julio,11
Shaun,69
Buster,52
Andre,15
Simon,62
Abraham,104
Antone,6
Renaldo,65
Ervin,33
Cletus,21
Chauncey,69
Hipolito,46
Jorge,64
Marcel,18
Miguel,35
Claudio,6
Rudolph,59
Dino,89
Lazaro,63
Ian,86
Fabian,103
Clay,53
Arnulfo,30
Ronald,86
Alonzo,60
Randal,69
Brooks,18
Lynwood,80
Hunter,100
Lon,42
Marc,58
Lorenzo,48
Dave,20
Scot,16
Cortez,58
Rosendo,70
Salvatore,87
Adam,80
Efrain,92
Reynaldo,64
Darrin,89
Booker,14
Chas,46
Donny,20
Mose,30
Cruz,68
Julius,26
Tyrone,65
Hans,21
Marcel,26
Nelson,8
Len,38
Sydney,104
Arnulfo,8
Charlie,11
Hai,90
Paris,2
Weldon,103
Werner,49
Alton,11
Jeramy,102
Hipolito,5
Kelley,26
Hobert,10
Rickey,29
Alonzo,8
Harley,95
Dominick,14
Frankie,54
Willy,22
Cortez,36
Preston,76
Rodrick,29
Tony,27
Logan,6
Cruz,42
Spencer,26
Yong,69
Loren,101
Greg,86
Ismael,82
Sebastian,54
Cedrick,77
Zachary,100
Terrance,57
Elmo,39
Foster,102
Clayton,89
Clement,58
Brady,68
Jerome,30
Nicholas,65
Nigel,9
Julio,5
Sheldon,78
Cyrus,6
Danny,84
Deandre,100
Haywood,37
Jules,38
Marlon,85
Jefferson,27
Rafael,51
Jackie,8
Gerry,76
Pasquale,13
Titus,74
Florentino,13
Millard,36
Augustine,20
Andreas,56
Waylon,17
Maria,4
Monroe,53
Wilfredo,63
Lawrence,46
Lionel,35
Dave,37
Preston,86
Ellsworth,43
Elliott,50
Emilio,70
Bradly,8
Darius,58
Vito,89
Robin,32
Lindsay,102
Quincy,44
Judson,73
Royal,49
Frederick,98
Fredrick,69
Leif,2
Tyron,23
Stephen,21
Jon,38
Tyson,99
Nickolas,85
Wesley,71
Earl,59
Bryce,28
Milan,23
Morris,81
Jamar,15
Andres,46
Johnny,93
Jose,96
Bryant,70
Forest,100
Benjamin,65
Van,29
Carrol,51
Mohamed,48
Jarrett,51
Elmo,48
Harley,69
Carroll,33
Foster,80
Todd,41
Bill,45
Theo,78
Mac,50
Anthony,43
Craig,25
Casey,103
Pete,80
Rogelio,53
Mack,68
Dan,59
Dewitt,20
Lowell,73
Augustine,56
Emmett,103
Rodolfo,103
Ernest,7
Eldon,84
Glen,5
Chad,92
Ira,25
Zack,93
Jaime,78
Kennith,25
Amado,100
Herbert,64
Royal,103
Julian,15
Kenneth,49
Coleman,89
Nathanial,94
Jackie,3
Johnson,65
Kyle,45
Alec,44
Tod,2
Waylon,18
Dannie,49
Buster,61
Bobby,83
Clarence,3
Cruz,21
Caleb,77
Gordon,50
Victor,21
Leslie,97
Nickolas,32
Travis,65
Zachary,39
Boyd,89
Jerold,26
Mickey,37
Henry,52
Giovanni,15
Emanuel,41
Moses,64
Stephan,85
Anton,18
Solomon,6
Rolland,83
Kirk,5
Joaquin,78
Isaiah,12
Darron,40
Abram,24
Jerrold,63
Javier,15
Thad,100
Claude,30
Fausto,10
Tommy,7
Alvaro,43
Nick,104
Dennis,78
Loren,2
Hobert,52
Daren,40
Kent,93
Santiago,56
Joaquin,63
Columbus,13
Lawerence,95
Berry,74
Barrett,84
Ted,98
Toney,66
Adolph,29
Donny,39
Diego,72
Irvin,88
Matthew,48
Rodger,100
Jamey,23
Carson,15
Napoleon,63
Tomas,53
Irvin,88
Jody,77
Larry,43
Pierre,104
Emmett,91
Ray,92
Carmelo,6
Cleo,15
Neville,63
Shelby,75
Wally,29
Pedro,7
Felipe,67
Keven,61
Ernesto,34
Loren,70
Trevor,86
Franklyn,53
Dominic,31
Rene,52
Jon,16
Long,54
Sherwood,89
Ted,29
Charles,97
Rocky,61
Gale,47
Burton,36
Kareem,97
Dewey,5
Theo,83
Marion,95
Douglas,15
Kenneth,36
Ramiro,97
Calvin,13
Gus,78
Don,10
Jan,100
Pasquale,83
Kent,63
Vicente,20
Kyle,25
Olen,98
Horace,76
Christian,20
Vincent,63
Robt,52
Jerrold,63
Steven,41
Nickolas,73
Norbert,99
Warren,81
Abe,99
Leroy,103
Hyman,93
Luis,72
Keneth,7
Nicholas,41
Max,73
Judson,53
Alonso,79
Barney,18
Nigel,51
Henry,49
Gaylord,47
Jesse,74
Fredrick,23
Johnny,59
Gaylord,102
Gino,39
Dario,58
Israel,49
Gene,62
Louie,97
Huey,10
Stevie,28
Julian,58
Brad,22
Charlie,50
Lazaro,37
Daron,73
Oliver,84
Kelvin,95
Cleveland,67
Von,97
Amos,31
Ed,17
Shelton,41
Pierre,45
Rosendo,88
Javier,84
Dave,60
Neville,92
Jamison,54
Kermit,70
Hayden,89
Norman,96
Billie,56
Garth,26
Karl,26
Lynn,54
Allan,104
Sylvester,87
Roscoe,62
Charlie,80
Chi,85
Hector,60
Ignacio,5
Aubrey,6
Mack,19
Andreas,97
Gregory,15
Carmen,101
Armando,33
Bart,49
Marshall,1
Henry,43
Hosea,92
Leandro,29
Renato,67
Rocco,56
Ted,94
Tyrone,86
Rudolf,19
Rudolph,79
Hobert,19
Margarito,51
Elmo,39
Kristofer,95
Brenton,87
Moshe,1
Gavin,97
Carey,10
Lamar,10
Bernardo,34
Lyman,53
Clint,58
Raul,59
Everett,105
Mel,94
Lorenzo,54
Michel,79
Cory,16
Ashley,28
Trevor,69
Darryl,102
Sylvester,2
Simon,39
Emmanuel,74
Kareem,97
Andres,28
Otis,12
Lyman,48
Fidel,76
Alexis,18
Dudley,55
Lucas,36
Eli,20
Antonia,97
Rick,36
Cristopher,8
Nicholas,69
Harrison,78
Earle,100
Hector,90
Kyle,44
Zachary,85
Haywood,94
Darrin,46
Vincent,16
Dennis,72
Dane,16
Wilburn,92
Toney,41
Sam,50
Lloyd,59
Arnold,101
Markus,68
Lorenzo,36
Rudolph,69
Sung,47
Connie,50
Jackson,53
Chester,70
Carrol,20
Berry,25
Leo,1
Allen,79
Hiram,59
William,76
Wendell,25
Chong,8
Wyatt,78
Monte,65
Al,36
Angelo,85
Burl,85
Cyrus,50
Calvin,67
Timmy,54
Isidro,102
Boris,34
Marty,53
Osvaldo,24
Alex,31
Lanny,76
Renaldo,57
Ferdinand,39
Clayton,55
Wilford,24
Rodrick,49
Malcolm,6
Williams,72
Brain,45
Edmund,74
Deshawn,99
Leon,52
Scott,49
Vito,29
Shayne,26
Francisco,70
Alton,33
Rashad,11
Darell,18
Cole,36
Buster,77
Danilo,7
Michal,23
Shannon,39
Emory,63
Von,88
Asa,59
Herman,57
Samual,94
Connie,68
Mathew,22
Alvaro,35
Jae,57
Marlon,46
Raphael,15
Gavin,53
Rusty,82
Stacey,15
Frankie,88
Rueben,65
Luigi,44
Ethan,51
Erwin,82
Kenny,63
Rigoberto,11
Luke,62
Alec,82
Kelley,10
Tristan,41
Graham,38
Ty,55
Archie,23
Hiram,27
Lynwood,37
Justin,8
Frances,59
Jody,50
Willie,78
Rodney,70
Bryan,94
Rodrigo,88
Collin,26
Haywood,82
Emile,56
Teodoro,52
Gavin,87
Earnest,56
Bradley,49
Joe,63
Landon,8
Erin,60
Joan,1
Alexis,98
Truman,64
Nicholas,18
Burl,7
Darell,35
Barrett,62
Keven,94
Gil,64
Caleb,69
Miles,82
Marc,3
Antone,24
Terrance,5
Luke,40
Zachery,78
Refugio,81
Dallas,67
Frederick,15
Lauren,32
Hank,54
Tobias,61
Delbert,30
Adolfo,39
Edison,71
Rod,100
Gerald,26
Ike,7
Deshawn,90
Amado,36
Santiago,89
Bert,44
Ali,53
Maurice,104
Bob,19
Werner,3
Ron,80
King,59
Augustus,1
Man,97
Johnnie,10
Trinidad,31
Julius,43
Carlos,83
Murray,25
Ronny,17
Brain,44
Tyler,14
Taylor,39
Colin,7
Geoffrey,38
Miles,2
Rolando,17
Randall,68
Asa,48
Nicolas,104
Brett,20
Porfirio,87
Coleman,13
Darnell,6
Wyatt,7
Isiah,24
Jerome,33
Kyle,23
Ismael,53
Chauncey,62
Shaun,12
Nolan,59
Duane,94
Florencio,14
Roberto,28
Fausto,101
Delmer,29
Frederic,99
Pablo,61
Ray,30
Gerry,99
Osvaldo,94
Nelson,97
Salvador,68
Antoine,94
Johnny,28
Garret,105
Patrick,30
Maurice,84
Tod,14
Dallas,7
Scotty,50
Abel,43
Rickie,104
Lenard,17
Marlon,71
Robert,97
Rico,24
Ollie,105
Darrin,54
Benedict,19
Florencio,56
Porter,60
Lyndon,96
Brooks,17
Tomas,96
Elias,71
Ike,47
Rickey,58
Errol,26
Kory,100
Dudley,86
Elden,4
Ali,89
Brock,82
Daren,43
Erasmo,9
Thaddeus,35
Lawerence,86
Ronny,20
Chance,67
Courtney,7
Norbert,99
Damon,71
Caleb,63
Santiago,101
Truman,37
Palmer,89
Daren,73
Foster,19
Virgilio,72
Mark,35
Sheldon,10
Erick,90
Clarence,79
Gino,89
Nickolas,58
Santo,21
Damon,42
Deon,33
Tommie,90
Steve,38
Marvin,55
Darren,104
Lyndon,74
Clayton,92
Jacinto,95
Edison,45
Parker,81
Homer,19
Terrell,47
Eugene,29
Beau,90
Pierre,80
Rosario,30
Josiah,51
Darren,72
Toney,68
Ian,6
Freddie,97
Rocco,69
Eloy,6
Charles,64
Francis,75
Rick,59
Nathanael,91
Efrain,38
Dalton,37
Boris,105
Carmelo,66
Delbert,38
Ronald,73
Lester,12
Lynwood,48
Woodrow,49
Delmar,15
Chauncey,84
Lacy,16
Teddy,41
Matthew,27
Tobias,70
Sid,83
Alfonzo,56
Rosario,61
Zack,68
Jonathon,51
Renaldo,100
Jesus,81
Fletcher,87
Morris,14
Jacob,37
Sidney,8
Quintin,59
Chad,91
Joesph,29
Landon,93
Emmanuel,88
Ahmed,35
Mark,100
Alva,23
Wilton,98
Millard,27
Humberto,104
Craig,74
Donnell,83
Ryan,83
Emilio,15
Elijah,76
Waldo,93
Cyril,67
Robby,51
Jose,102
Joaquin,49
Cecil,58
Sandy,52
Malik,57
Coy,21
Bobby,62
Scott,89
Walton,27
Derick,44
Cristopher,30
Berry,81
Quinn,7
Gerardo,101
Hal,69
Bennett,5
Victor,1
Titus,92
Branden,72
Adam,95
Bobby,18
Vance,52
Jewell,32
Raymundo,69
Colton,38
Guadalupe,31
Matthew,98
Mathew,70
Mariano,29
Foster,22
Leland,64
Napoleon,10
Quentin,59
Benny,26
Hayden,85
Cristobal,84
Christopher,57
Edwin,76
Haywood,3
Hoyt,97
Mel,38
Rupert,96
Mervin,27
Cedric,10
Connie,61
Christian,90
Tony,72
Trinidad,7
Javier,45
Lou,103
Aurelio,91
Steven,12
Rick,62
Jamie,58
Trevor,96
Mario,52
Stephen,70
Jan,4
Bruno,19
Teddy,30
Jeremiah,19
Gil,61
Bert,68
Freddy,93
Bryan,75
Beau,8
Lance,100
Avery,97
Fermin,51
Chong,4
Giovanni,71
Hector,14
Minh,85
Hector,32
Emanuel,59
Blaine,92
Rashad,15
Dallas,35
Demarcus,81
Rickie,33
Brendan,29
Brain,41
Patricia,50
Johnie,74
Jonathon,91
Julian,97
Kraig,100
Rolland,16
Sherman,31
Bobbie,40
Alfredo,21
Xavier,79
Rogelio,101
Trey,89
Michal,58
Wm,36
Brenton,20
Mohammed,63
Edmundo,18
Osvaldo,34
Cortez,10
Alonso,8
Jc,30
Oren,100
Warner,75
Malcolm,58
Domenic,85
Gail,12
Evan,1
Hugh,65
Errol,35
Rueben,2
Harley,72
Gil,36
Korey,59
Hollis,69
Duncan,59
Ricky,36
Wayne,3
Ignacio,75
Galen,85
Dwayne,7
Valentin,100
Keneth,73
Mitchel,46
Patricia,87
Clair,30
Ronald,5
Wilton,87
Colin,34
Devin,16
Emmitt,97
Stacey,102
Dwight,18
Keven,29
Alan,41
Cory,56
Donovan,98
Rudolf,2
Morris,100
Randy,64
Faustino,64
Rafael,21
Odell,89
Anthony,17
Myles,38
Rodolfo,53
Britt,19
Pierre,29
Eusebio,6
Kristopher,57
Andrea,17
Jacques,89
Francisco,72
Junior,59
Jesus,28
Abel,89
Lynwood,27
Freddie,93
Curt,56
Bert,19
Denis,25
Tyrone,70
Erich,56
Merlin,65
Chadwick,83
Mitchell,24
Zackary,23
Paul,55
Ambrose,12
Van,37
Jerrold,76
Horacio,25
Ron,65
Pete,34
Charles,36
Angelo,82
Maurice,19
Stanton,26
Korey,77
Rickie,45
Clemente,80
Eduardo,80
Elisha,88
Morgan,85
Stevie,58
Dana,71
Paul,34
Mauricio,20
Jamel,59
Lloyd,65
Garry,3
Sammie,32
Blaine,25
Trinidad,95
Lucio,10
Cruz,31
Pierre,36
Jimmie,98
Spencer,82
Ernie,9
Nathanial,45
Miguel,48
Erwin,6
Kenneth,102
Garth,50
Kirby,9
Colby,24
Deangelo,48
Garrett,85
Dale,78
Clifton,10
Jerrell,99
Margarito,77
Dustin,63
Lino,10
Leland,36
Milo,103
Monty,37
Mohammad,27
Reyes,13
Lemuel,18
Reinaldo,15
Keenan,11
Lenny,34
Jon,16
Herb,93
Buford,72
Jude,15
Nickolas,39
Boyce,92
Cyrus,72
Bertram,73
Clair,5
Bryan,29
Tod,13
Elwood,36
Joesph,100
Valentine,52
Jerrod,25
Doyle,60
Jonathan,72
Anton,93
Enoch,71
Wesley,50
Royce,105
Bo,50
Tobias,82
Emil,28
Preston,1
Sherwood,22
Robert,50
Jerrell,66
Dirk,65
Jarred,11
Arnold,27
Henry,62
Kenneth,48
Diego,53
Prince,57
Eric,104
Elden,5
Eugene,46
Roland,28
Maximo,2
Delmer,64
Donnie,52
Eugene,67
Kraig,60
Eusebio,75
Kurtis,49
Huey,103
Deandre,81
Leland,92
Bradly,73
Houston,85
Kendall,73
Hung,65
Ivan,5
Trey,26
Kasey,72
Donnie,60
Antone,48
Basil,63
Troy,13
Winford,97
Riley,70
Alva,98
Stacey,83
Dwain,85
Barry,90
Elliot,9
Domenic,90
Dee,39
Adam,62
William,60
Jesus,35
Billy,22
Daren,18
Russel,15
Kermit,88
David,54
Steven,84
Dave,79
Robt,88
Frederick,26
Bennett,47
Denis,24
Mac,62
Rodrick,91
Alva,92
Erwin,104
Frances,36
Edmundo,19
Robby,50
Tyron,63
Porter,22
Thaddeus,103
Karl,102
Florentino,71
Joseph,87
Johnny,82
Franklyn,103
Rocco,65
Kendrick,2
Spencer,72
Jules,29
Wendell,33
Brendon,13
Rogelio,47
Brice,46
Mckinley,32
Tomas,98
Jacinto,40
Josef,16
Lloyd,27
Harold,78
Heriberto,65
Sterling,11
Maxwell,54
Milo,40
Eduardo,46
Ezra,95
Ross,67
Todd,4
Tony,43
Patrick,3
Cruz,38
Ahmed,89
Irving,62
Desmond,25
Laurence,14
Kenneth,57
Renato,101
Zachariah,6
Darius,53
Alan,15
Noel,87
Morton,12
Napoleon,7
Zane,10
Leslie,67
King,55
Stevie,56
Jamaal,87
Eric,93
Leroy,85
Ezekiel,70
Dudley,98
Lester,93
Maurice,7
Alfredo,104
Carlos,91
Boyd,30
Chester,2
Royal,83
Wendell,13
Dominique,14
Jeffery,26
Maurice,65
Willian,80
Alfred,44
Isaiah,24
Lamont,35
Burl,103
Jody,31
Jerald,68
Shad,95
Leslie,3
Pat,71
Kristofer,50
Walker,81
Lupe,76
Ernie,97
Coleman,32
Gail,91
Ned,34
Elijah,68
Sanford,48
Harley,3
Stephen,72
Stan,81
Raymond,2
Silas,45
Wayne,95
Edmund,49
Truman,12
Gaston,51
Theo,100
Elijah,22
Robby,52
Earle,55
Emile,66
Cleveland,26
Rusty,1
Boris,43
Theo,43
Henry,20
Tommie,87
Elliott,100
Mason,11
Octavio,80
Kenneth,35
Bruce,81
Howard,30
Ronnie,43
Eddie,104
Virgil,38
Darrin,104
Edgardo,33
Dominic,81
Darrick,16
Micah,34
Elvis,75
Herb,9
Chang,37
Joshua,95
Hipolito,20
Hyman,27
Harrison,68
Franklin,26
Charley,12
Fernando,50
Mohammed,88
Yong,78
Lester,29
Galen,82
Harrison,16
Damon,69
Rolland,41
Santo,8
Franklin,3
Jewel,37
Joesph,30
Lucius,16
Keenan,67
Edmond,82
Jason,8
Ronnie,42
Genaro,64
Rich,80
Chadwick,7
Chauncey,39
Simon,22
Vincenzo,28
Jeffrey,12
Oliver,101
Robert,84
Santos,14
Mack,25
Yong,54
Ian,15
Jake,63
Terrell,102
Damon,65
Nathan,61
Omar,79
Maria,58
Branden,104
Fletcher,52
Gregorio,47
Florentino,35
Stanford,1
Kerry,68
Terrence,35
Carmen,36
Hugh,44
Denis,63
Marvin,1
Allan,17
Noble,16
Christian,43
Terrance,29
Juan,1
Gerald,62
Samual,34
Jamal,27
Benito,105
Heriberto,22
Alfred,88
Mathew,38
Jermaine,60
Manuel,97
Chuck,70
Marcelo,27
Wilbert,32
Garfield,86
Rod,37
Vern,103
Mariano,89
Bobby,38
Brooks,22
Wilfred,79
Raleigh,50
Millard,94
Santo,88
Rufus,92
Raymundo,101
Seymour,17
Loren,20
Aaron,80
Carmen,33
Irwin,69
Agustin,13
Bryan,56
Norris,49
Lou,68
Darrick,63
Floyd,95
Bo,85
Lenny,16
Jon,35
Arden,72
Connie,16
Toney,76
Jorge,28
Herbert,93
Merlin,6
Dallas,17
Warren,53
Romeo,18
Moses,50
Wilfredo,56
Carroll,40
Stewart,36
Kelley,77
Olin,37
Kermit,3
Lesley,43
Owen,38
Mike,54
Alec,58
Valentin,51
Royce,99
Raul,56
Hans,9
Stanton,94
Rafael,15
Britt,6
Tyson,28
Gabriel,13
Chet,103
Rodrick,64
Bradly,31
Elisha,7
Jayson,93
Carmen,26
Shad,72
Judson,65
Cliff,77
Booker,52
Mathew,103
Hipolito,95
Allan,93
Craig,76
Barry,85
Aaron,102
Miquel,83
Rolf,32
Long,89
Ricky,52
Wendell,81
Herschel,9
Tom,81
Doug,40
Kenny,90
Forest,26
Rashad,74
Ronny,7
Rickie,54
Malik,86
Luis,29
Lynn,29
Kennith,102
Eli,69
Rueben,34
Gavin,33
Shayne,17
Derick,59
Lazaro,54
Frankie,51
Theodore,71
Leif,22
Ezekiel,42
Clair,37
Conrad,37
Gilbert,86
Nathan,29
Carl,69
Aldo,89
Jermaine,62
Cleveland,25
Ross,21
Hiram,22
Barry,15
Tuan,1
Ricky,9
Ollie,52
Bradly,30
Cleo,47
Claud,95
Arnold,57
Von,44
Ronald,55
Willie,64
Esteban,43
Ernest,56
Zachery,12
Marvin,62
Palmer,20
Harley,74
Emanuel,20
Haywood,80
Leonard,10
Cruz,79
Herbert,47
Faustino,104
Delmar,55
Elliot,52
Emery,69
Colby,75
Sang,61
Lane,27
Cleveland,53
Carlos,12
Antwan,61
Ivory,45
Rico,38
Chong,48
Wayne,73
Ernest,21
Jody,71
Bobby,67
Claude,77
Willian,33
Kim,35
Valentine,45
Numbers,77
Randolph,82
Colin,67
Chadwick,8
Rafael,72
Monty,23
Jefferey,85
Shelton,55
Reginald,87
Isaiah,49
Colby,25
Hal,63
Rocky,3
Jerome,29
Elwood,21
Erik,70
Newton,61
Jose,99
Josef,17
Royce,21
Marcelo,47
Lorenzo,90
Garrett,32
Jospeh,101
Hong,50
Hayden,51
Noe,52
Mikel,89
Lawrence,26
Greg,73
Jerry,104
Kennith,11
Trey,16
Harvey,60
Sydney,72
Harvey,65
Kasey,59
Jaime,7
Brady,71
Lewis,68
Cole,96
Errol,12
Tracy,103
Young,94
Leopoldo,100
Felton,73
Rod,12
Alton,75
Freddy,33
Rodney,58
Jim,94
Rodger,91
Jerrell,104
Lewis,65
Romeo,61
Deandre,50
Thad,20
Ted,26
Miles,8
Ernest,74
Johnson,40
Earl,77
Domingo,104
Johnny,25
Russ,66
Ariel,7
Frankie,15
Elwood,20
Trent,105
Werner,103
Cyril,17
Berry,51
Vicente,74
Werner,88
Dorsey,18
Ike,57
Amos,88
Olen,46
Alfonzo,43
Otis,36
Gregorio,87
Wade,14
Avery,8
Anton,50
Eddie,103
Norbert,34
Bertram,103
Daren,96
Leroy,35
Kyle,6
Louis,97
Titus,100
Waylon,22
Alvin,7
Wilton,66
Adam,47
Hyman,62
Burl,105
Trey,87
Phillip,85
Robin,79
Curtis,87
Maynard,15
Ellis,20
Albert,38
Jake,26
Alfredo,52
Broderick,77
Rey,36
Moshe,36
Milo,41
Jonathon,77
Arnoldo,88
Jefferson,72
Antoine,4
Carmen,31
Otis,48
Toby,7
Lyman,103
Barry,58
Hugh,92
Johnathan,7
Harvey,21
Stan,71
Russel,80
Bennie,99
James,26
Randall,85
Raul,105
Odell,72
Harvey,9
Virgilio,62
Brendan,7
Carroll,71
Samuel,48
Clark,41
Rosario,21
Forest,39
Ahmad,82
Enrique,97
Oren,35
Virgilio,103
Carmen,62
Elton,74
Edwin,70
Isaiah,12
Palmer,66
Horace,61
Stanton,17
Harley,78
Chung,96
Geraldo,35
Bruce,14
Chase,95
Stephan,41
Winston,51
Reynaldo,60
Blaine,4
Ignacio,8
Dexter,53
Luciano,80
Seymour,13
Edmundo,32
Darrick,30
Adam,103
Raymon,9
Wilber,79
Chong,26
Jess,81
Giuseppe,102
Orlando,72
Elliott,71
Franklyn,56
Wilton,103
Marcos,89
Richie,76
Ryan,30
Eldon,102
Luis,69
Newton,101
Ross,21
Desmond,27
Howard,24
Rueben,69
Leandro,71
Jimmie,75
Jackie,2
Claud,84
Efrain,76
Glen,16
Titus,53
Eusebio,21
Demetrius,96
Truman,96
Freeman,45
Reuben,94
Adam,98
Pedro,71
Lou,66
Leon,13
Jesus,11
Jordan,81
Stacey,93
Sherwood,22
Darryl,42
Geraldo,32
Moshe,25
Ted,33
Erasmo,49
Buddy,54
Elliot,14
Rolf,82
Basil,91
Jordon,98
Luther,44
Alden,10
Lonny,46
Del,94
Oswaldo,3
Mitch,27
Bryce,68
Ferdinand,61
Jose,60
Gale,69
Marcelo,90
Shannon,41
Chester,3
Genaro,19
Domingo,31
Alfredo,43
Franklin,67
Rory,87
Raul,47
Joaquin,66
Russ,43
Trevor,27
Pete,56
Kip,64
Reuben,89
Kyle,9
Mack,37
Garth,56
Stacey,63
Benito,22
Sol,1
Tracey,9
Felton,47
Lance,105
Kareem,23
Silas,97
Gregory,48
Lyman,83
Arnold,41
Angel,22
Alphonso,90
Santos,97
Travis,40
Quentin,3
Kelley,24
Tommie,91
Merrill,64
Clifford,65
Tyson,28
Ralph,63
Freeman,99
Luis,87
Frances,72
Bradford,87
Wilmer,15
Jake,92
Curt,74
Irvin,21
Houston,15
Terence,22
Vince,54
Wade,82
Antoine,33
Elias,45
Brian,36
Marcus,90
Tyler,9
Lou,92
Maynard,78
Oswaldo,1
Terrance,29
Leif,65
Tristan,98
Edmundo,48
Eliseo,24
Kenton,104
Darren,75
Mac,76
Lanny,60
Hung,19
Jarrett,18
Abram,40
Quentin,33
Stacey,17
Sheldon,66
Sheldon,27
Dion,94
Kelly,10
Aurelio,93
Victor,105
Everette,79
Carrol,44
Emerson,68
Forrest,34
Bernard,86
Noel,50
Bertram,98
Terrence,64
Jasper,51
Ernest,20
Leonardo,26
Jesus,89
Lyle,30
Scotty,77
Jarred,10
Denny,70
King,41
Giovanni,10
Walter,103
Gayle,50
Elliott,35
Kendrick,92
Isaiah,28
Rudy,64
Dallas,16
Leif,44
Sylvester,35
Tyrone,102
Jorge,103
Raymundo,6
Rex,18
Rickey,1
Armand,75
Jess,60
Britt,91
Lucas,51
Noe,79
Everette,51
Bryant,90
Kelvin,48
Gregg,98
Levi,45
Donn,13
Derek,10
Emanuel,26
Sterling,61
Hunter,35
Irvin,52
Columbus,28
Nestor,84
Allan,65
Pat,6
Cecil,93
Markus,14
Fletcher,68
Danilo,89
Oscar,100
Cortez,25
Noel,59
Albert,47
Tuan,101
Morton,30
Jordon,92
Donte,16
Emanuel,5
Nathan,23
Rigoberto,102
Vaughn,43
Ellsworth,98
Bobbie,60
Burl,89
Dominick,93
Chris,58
Forrest,61
Hubert,49
Danial,63
Hobert,96
Demarcus,94
Chuck,17
Lorenzo,1
Deon,78
Michel,23
Trevor,38
Gaston,23
Corey,72
Dee,29
Chet,4
Jeff,12
Merrill,18
Norbert,76
Deshawn,97
Wade,69
Grover,27
Vicente,61
Thurman,71
Jess,58
Ricardo,73
Herman,44
Shirley,102
Harland,32
Mauro,38
Steve,58
Buster,31
Jamar,56
Tuan,72
Wilford,46
Norris,99
Sanford,37
Devin,76
Dominick,50
Omar,63
Jermaine,87
Dale,101
Roberto,24
Connie,87
Terrence,71
Bret,54
Isreal,39
Samual,10
Delmar,6
Chris,72
Jae,88
Tommy,81
Reed,30
Vern,10
Clair,66
Hank,45
Vern,1
Kenton,66
Alonso,6
Cyrus,39
Waldo,76
Shawn,67
Anibal,11
Graig,55
Scott,23
Young,1
Basil,11
Jay,75
Giuseppe,14
Chadwick,87
Tommy,91
Kendrick,100
Kasey,44
Ray,65
Jonathan,91
Dennis,65
Sandy,68
Raul,35
Brendan,88
Samual,62
Jesus,25
Jeremy,10
Gail,27
Nathanial,88
Val,62
Damian,77
Matthew,32
Osvaldo,87
Frankie,34
Lamar,52
Everette,80
Otis,23
Ike,21
Marco,17
Lester,48
Stewart,43
Elden,53
Rosendo,79
Jon,59
Antione,61
Peter,2
Jarrod,93
Marco,3
Ross,73
Orville,22
Brendan,5
Marco,37
Lee,94
Eli,5
Stanford,73
Randall,6
Young,3
Mike,6
Anderson,36
Leon,27
Laverne,83
Neal,50
Shane,105
Rolf,41
Chong,44
Guadalupe,19
Garry,67
Francis,45
Noah,99
Jimmy,42
Jake,70
Osvaldo,73
Jeromy,65
Hipolito,21
Isreal,37
Clint,59
Gail,58
Clinton,68
Darnell,99
Louis,17
Ronny,26
Luciano,42
Michael,14
Leslie,3
Shelton,38
Joaquin,24
Mac,64
Reggie,102
Woodrow,14
Austin,104
Basil,31
Emmitt,76
Gavin,58
Kenneth,80
Andrew,31
Moses,54
Hayden,14
Edgar,56
Jame,86
Devin,77
Merrill,15
Alan,74
Giovanni,54
Quintin,64
Newton,81
Darin,1
Ken,3
Danilo,74
Ulysses,35
Elvin,59
Burl,88
Geoffrey,42
Cristopher,69
Milford,88
Reggie,36
Haywood,51
Lynwood,83
Ernest,105
Jimmie,12
Jaime,102
Jesus,34
Malcolm,3
Efrain,32
Brett,2
Geraldo,44
Delmer,75
Norman,42
Jonathon,25
Lynn,39
Hilton,13
Morgan,86
Hector,66
Marlon,71
Marty,20
Normand,6
Josh,101
Bryce,80
Eliseo,65
Todd,84
Lance,16
Vaughn,3
Jewell,76
Elias,59
Timmy,61
Miguel,1
Eugenio,85
Joey,61
Donn,6
Jose,13
Burton,33
Wilfredo,39
Sidney,16
Allan,41
Aubrey,76
Merle,19
Aubrey,18
Refugio,35
Connie,22
Luigi,7
Chauncey,72
Eddy,78
Elliott,22
Mauricio,97
Elbert,86
Jerry,89
Winston,28
Kenton,53
Sid,14
Kristofer,19
Hipolito,97
Carlton,46
Bryce,56
Norman,1
Allen,13
Zachary,50
Hunter,63
Dewey,30
Lindsay,14
Garret,8
Morgan,11
Amado,55
Cyril,44
Michal,39
Luther,50
Wesley,60
Emery,32
Margarito,92
Vern,68
Milford,69
Kerry,1
Oren,49
Vince,24
Ethan,51
Tyler,12
Andreas,86
Wally,36
Theo,4
Rashad,71
Jarod,40
Ralph,68
Freddie,46
Gene,97
Burton,45
Donny,73
Alan,58
Orval,40
Reuben,100
Denny,76
George,100
Francisco,103
Barry,87
Cyrus,73
Roosevelt,61
Bennett,41
Melvin,49
Blair,50
Jeffery,27
Dexter,99
Bradly,93
Rusty,73
Orval,8
Nelson,59
Eduardo,54
Jesse,47
Kristofer,76
Mitchell,60
Tommy,41
Irvin,82
Numbers,85
Benjamin,43
Kirk,94
Louis,18
Charles,33
Caleb,73
Del,17
Hung,19
Clair,84
Rueben,5
Edwin,72
Horacio,33
Val,22
Bert,10
Antwan,22
Duane,48
Morris,88
Gilberto,81
Heriberto,53
Elden,5
Jake,46
Bart,7
Sherwood,36
Wilbert,77
Judson,86
Emerson,41
Gavin,34
Otto,38
Hayden,7
Mickey,89
Wilfredo,17
Lawrence,72
Rudolph,17
Chase,36
Douglas,12
Elbert,97
Kent,72
Brandon,44
Paul,28
Jesse,91
Jamey,77
Jerrell,34
Tommie,14
Tobias,73
Sonny,7
Sebastian,34
Mohammad,1
Cecil,96
Joe,48
Joesph,40
Evan,40
Albert,96
Brendon,103
Dewitt,101
Jerold,76
Art,10
Willis,29
Mitchell,17
Howard,94
Ollie,58
Rodrick,68
Fritz,99
Terrence,65
Seth,105
Jan,65
Warner,54
Alva,73
Oscar,70
Francis,45
Erasmo,20
Tyrell,37
Tony,56
Doyle,14
Luciano,87
Salvador,33
Jamison,21
Britt,62
Abdul,99
Darrin,72
Keenan,5
Chas,45
Randal,22
Delbert,63
Randolph,78
Duane,30
Napoleon,76
Moises,80
Arthur,43
Roman,35
Gregg,80
Morris,13
Jamal,55
Erasmo,38
Bud,84
Fermin,88
Quinton,14
Rogelio,14
Brendon,30
Nathanael,42
Bobbie,78
Graham,59
Elroy,37
Pete,56
Gregorio,54
Franklyn,42
Rickey,34
Ezekiel,46
Linwood,85
Wilber,16
Collin,85
Quentin,67
Carmine,21
Stephan,19
Gregory,58
Owen,59
Cory,26
Eddy,46
Robin,72
Emmett,6
Donn,89
Reed,84
Myles,90
Martin,48
Gayle,47
Lino,78
Dino,3
Dexter,61
Philip,90
Clayton,87
Lou,42
Leo,92
Robin,3
Alan,53
Sol,82
Ernie,58
Marion,40
Val,10
Brant,67
Waylon,75
Maurice,14
Jackie,102
Bryan,45
Justin,1
Jim,13
Glen,4
George,105
Tyler,103
Sydney,17
Dewey,85
Tyson,48
Nicky,43
Alfred,2
Britt,21
Mervin,22
Geoffrey,65
Scotty,47
Ezra,34
Tory,92
Roman,12
Nickolas,29
Raphael,31
Alfonzo,47
Jospeh,78
Carlos,7
Frankie,81
Kelly,27
Marion,5
Eldon,44
Emile,52
Gino,62
Erasmo,13
Neal,55
Lanny,90
Johnnie,21
Julian,53
Boyd,28
Dee,104
Russel,12
Charles,54
Waylon,6
Matthew,36
Vince,46
Rory,41
Brian,19
Jan,54
Lincoln,13
Bradly,92
Lou,39
Guillermo,85
Isiah,33
Brendan,2
Augustus,31
Nathaniel,25
Booker,42
Preston,22
Markus,80
Houston,45
Jared,62
Irving,21
Andre,27
Gregorio,98
Julio,70
Darrell,42
Bret,80
Jess,34
Kendall,61
Parker,14
Jorge,70
Florencio,91
Alfonzo,14
Blair,93
Titus,53
Irving,48
Edmundo,30
Orlando,22
Colby,29
Darrick,21
Marcel,12
Jasper,80
Brandon,76
Hugo,19
Howard,85
Grady,19
Toby,37
Andy,45
Abel,104
Sam,101
Elton,57
Xavier,28
Richie,71
Bennie,12
Tyron,21
Josue,43
Quincy,35
Del,92
Bryon,9
Josue,66
Shawn,65
Drew,25
Emmitt,73
Luther,14
Noah,19
Winford,79
Daron,86
Stacey,105
Carroll,43
Forrest,21
Saul,5
Lonnie,92
Carol,55
Cody,74
Gregg,21
Angel,16
Dillon,46
Shawn,105
David,53
Kennith,73
Jeromy,68
Walton,20
Royce,78
Gus,39
Franklyn,86
Collin,70
Thad,97
Bret,14
Antione,65
Ty,48
Percy,16
Pete,56
Dewitt,100
Oren,12
Valentin,72
Tyron,43
Jonas,78
Efrain,97
Noble,15
Len,3
Hilario,79
Maria,35
Kirby,3
Sonny,65
Lenny,53
Chauncey,98
Jame,104
Deangelo,94
Darrel,52
Fredrick,30
Cletus,13
James,67
Oliver,100
Lanny,56
Malik,30
Von,79
Tod,1
Francesco,76
Gaylord,53
Shelton,17
Hershel,57
Von,44
Jaime,66
Clinton,62
Vincent,98
Kelvin,88
Burt,12
Malcom,94
Quinn,20
Dane,100
Marion,33
Vince,26
Anderson,93
Margarito,30
Fredrick,58
Carlos,10
Porter,105
Monte,78
Fletcher,51
Tory,84
Michael,48
Genaro,69
Markus,88
Zackary,49
Allen,63
Blair,12
Brice,36
Walter,92
Mel,90
Robbie,76
Ernest,53
Cole,32
Herbert,28
Monty,52
Wallace,6
Jimmy,67
Bo,35
Willis,92
Ricardo,47
Davis,15
Malcom,73
Pat,86
Waldo,99
Mervin,82
Lemuel,52
Israel,53
Mohammed,73
Josue,81
Duane,86
Gail,21
Douglas,42
Edwardo,36
Randy,92
Wilfredo,83
Kevin,55
Spencer,1
Orval,99
Edward,92
Waylon,93
Shane,1
Bradford,9
Chance,19
Wilson,54
Bobby,80
Wilfredo,82
Rafael,44
Jamison,7
Erich,9
Henry,94
Hobert,79
Len,11
Loyd,105
Bennett,97
Murray,91
Bernie,52
Gary,39
Monroe,55
Waylon,45
Minh,42
Winford,55
Rich,38
George,75
Grant,28
Amado,62
Sal,99
Galen,105
Johnathan,83
Casey,93
Gene,101
King,4
Morgan,7
Wilfred,17
Darrell,5
Matt,87
Horace,87
Scottie,34
Miguel,49
Esteban,50
Corey,66
Stewart,7
Isaias,17
Jonas,77
Hoyt,89
Rosario,45
Micheal,82
Sammie,39
Giuseppe,33
Geoffrey,46
Hershel,100
Robby,92
Otto,84
Millard,104
Antonia,28
Malcom,99
Carlo,76
Waldo,44
Russel,93
Neil,27
Agustin,37
Leopoldo,91
Irvin,22
Tanner,44
Hayden,48
Guillermo,71
Josue,71
Herbert,55
Lyndon,28
Robt,84
Silas,93
Burt,69
Cary,23
Nigel,8
Clifton,61
Adan,64
Brenton,75
Federico,63
Cory,48
Mariano,46
Claud,33
Charley,66
Ken,62
Clayton,87
Robbie,30
Hobert,3
James,14
Kendall,36
Bart,37
Jeremy,70
Theo,105
Charley,59
Emory,35
Rex,57
Archie,43
Cedrick,96
Jarvis,49
Shayne,79
Jerold,87
Arden,80
Carroll,64
Quintin,21
Mel,98
Bill,57
Lucien,11
Basil,43
Quincy,86
Bernardo,102
Chung,75
Jorge,60
Wilburn,87
Esteban,19
Johnathon,49
Leandro,105
Lemuel,3
Elmo,2
Christoper,32
Floyd,85
Odis,9
Vance,23
Allen,105
Nicky,22
Quinton,78
Louis,1
Morgan,14
Armando,60
Joshua,11
Lowell,28
Elbert,25
Marvin,105
Antone,13
Chauncey,3
Matt,70
Mike,71
Cole,39
Lamar,20
Daniel,92
Normand,29
Arnulfo,52
Gabriel,40
Ernie,16
Ellis,27
Mario,6
Chet,41
Mohamed,68
Gerardo,47
Elroy,47
Wayne,8
Dwayne,98
Chris,58
Darell,54
Jon,104
Forrest,45
Derick,85
Clay,29
Elliot,30
Danial,105
Rayford,80
Shannon,93
Dwight,22
Jame,69
Dan,103
Horacio,53
Arlie,15
Corey,53
Lane,24
Lauren,60
Harvey,8
Dannie,38
Roderick,30
Ollie,21
Timmy,89
Nathanael,91
Lesley,38
Gale,87
Alonso,91
Howard,83
Jerrold,105
Eric,1
Alberto,20
Karl,74
Perry,82
Manual,68
Brady,2
Jimmie,43
Waldo,61
Lindsay,48
Dee,104
Genaro,105
Alejandro,11
Denver,34
Len,20
Trent,53
Domingo,87
Roger,93
Jared,79
Miles,55
Eugenio,48
Darrin,95
Rudolph,104
Javier,95
Andreas,24
Kareem,48
Daryl,91
Delmar,76
Leandro,58
Eugenio,96
Weston,50
Man,77
Hank,72
Anderson,94
Loyd,19
Dewitt,83
Jere,51
Aurelio,8
Jose,89
Evan,74
Guy,75
Wilbur,87
Cole,96
Antony,14
Emory,55
Whitney,53
Theo,22
Reid,93
Anibal,96
Harley,1
Adrian,73
Deangelo,76
Percy,27
Johnson,59
Alan,40
Grant,27
Winston,90
Darin,80
Randolph,15
Emery,33
Eli,88
Jamel,21
Wilbur,81
Frank,64
Everett,5
Jeffry,45
Jean,8
Dewey,95
Kennith,32
Kristofer,29
Duncan,93
Dwight,81
Abel,32
Israel,15
Tracey,71
Laurence,74
Eldon,69
Rashad,48
George,34
Kenton,72
Bert,83
Jackie,61
Terry,15
Lon,39
Ellis,95
Lucio,8
Dexter,23
Raul,82
Lucas,87
Israel,31
Lazaro,35
Franklyn,84
Stephan,87
Douglas,72
Isidro,36
Gregory,86
Malcom,105
Dan,56
Heath,99
Jim,78
Reed,42
Pablo,32
Evan,31
Stefan,34
Gregg,29
Whitney,42
Johnson,47
Johnnie,12
Cristobal,94
Murray,96
Shane,12
Whitney,78
Raymond,88
Steven,51
Alec,104
Ronald,35
Randal,44
Reinaldo,55
Winfred,79
Roberto,34
Wilfredo,39
Jeremiah,95
Jorge,40
Jasper,88
Barton,64
Bryce,52
Lupe,23
Irwin,87
Francis,49
Miquel,10
Freddie,99
Zackary,20
Noe,45
Gayle,77
Elvin,82
Randal,10
Nathaniel,104
Giuseppe,84
Warner,23
Monroe,104
Ty,90
Arlie,76
Jospeh,51
Gilbert,97
Valentin,4
Vern,91
Valentine,85
Ambrose,68
Gayle,85
Renato,34
Rhett,25
Eldon,85
Odis,57
Jamison,20
Teddy,56
Jimmie,97
Boyd,82
Porter,96
Michael,56
Dario,77
Freeman,29
Jesse,10
Wilber,80
Louis,93
Bo,14
Jeramy,103
Hugh,87
Rex,42
Kenneth,76
Sherman,96
Noble,64
Anderson,23
Ollie,9
Kristofer,74
Clemente,89
Herb,61
Rubin,64
Justin,78
Mark,25
Sammie,54
Morton,78
Ervin,48
Bo,23
Hilton,51
Dillon,24
Willie,67
Stan,33
Julius,105
Gale,75
Jospeh,85
Abraham,71
Leonel,95
Jefferey,46
Domenic,84
Everette,69
Granville,86
Buddy,49
Fausto,8
Sydney,14
Nelson,80
Shelby,21
Caleb,18
Elvis,102
Isidro,3
Chuck,18
Jamey,9
Mohammad,72
Chauncey,45
Lucas,37
Tod,12
Javier,25
Ezra,17
Edmundo,20
Dusty,9
Marty,16
Emmanuel,36
Juan,38
Elijah,32
Danial,78
Rolland,49
Drew,105
Max,15
Aurelio,105
Darin,57
Giuseppe,64
Pedro,102
Prince,3
Corey,84
Delmer,53
Les,74
Aaron,31
Brett,82
Tory,44
Michel,36
Herman,43
Rolf,65
Jamison,83
Pat,11
Jasper,75
Cleveland,80
Hank,84
Kris,77
Erasmo,12
Percy,52
Tommie,32
Fletcher,28
Perry,36
Eugene,84
Doug,67
Ali,3
Bruno,104
Cyrus,5
Milford,5
Rey,93
Marco,6
Sergio,74
Lamont,95
Dominic,56
Linwood,72
Mason,3
Monte,83
Robert,6
Rhett,60
Rodrigo,51
Sydney,75
Thad,23
Jefferson,7
Dalton,60
Anton,43
Guadalupe,78
Moises,89
Marco,22
Roosevelt,1
Isaiah,4
Weldon,62
Scotty,60
Willard,34
Greg,73
Val,71
Basil,85
Charley,22
Emerson,12
Dennis,63
Lamont,21
Christian,9
Pete,21
Isreal,101
Dusty,29
Willis,3
Bernard,59
Jessie,101
Sherman,103
Neal,65
Dale,60
Jamel,40
Mervin,2
Jules,75
Fausto,89
Kelly,27
Ahmad,79
Caleb,51
Antwan,53
Raul,67
Harry,72
Garland,6
Hiram,104
Kieth,54
Antonia,33
Robt,45
Orlando,32
Brooks,70
Santiago,96
Connie,77
Gregg,72
Jake,51
Tyler,25
Marcelo,27
Beau,7
James,56
Jessie,37
Claud,54
Jefferson,13
Claud,28
Lenard,80
Weldon,70
Stewart,77
Mauro,72
Walker,57
Marshall,68
Avery,75
Earle,33
Kevin,69
Freeman,92
Victor,82
Lenny,43
Tyler,68
Darrin,67
Kraig,3
Joesph,32
Chuck,13
Rhett,105
Mariano,93
Lyman,62
Theron,78
Hong,13
Alexander,57
Mckinley,2
Jody,47
Vincenzo,26
Rodrigo,76
Terry,11
Cornell,14
Boyce,94
Thaddeus,24
Seth,60
Lowell,55
Daron,37
Amos,92
Zackary,16
Norberto,79
Del,62
Charley,84
Doyle,48
Wilfredo,104
Trey,50
Vincenzo,85
Orville,81
Dwayne,69
Elvis,74
Errol,76
Lucas,17
Doyle,65
Derrick,91
Kristofer,58
Wilson,31
Carroll,57
Hank,35
Brent,64
Jamar,61
Ahmed,56
Timmy,5
Malcom,84
Marcos,55
Stephan,55
Lamar,32
Hal,41
Greg,29
Lorenzo,74
Curtis,76
Leif,2
Alfredo,66
Ferdinand,50
Damian,98
Gustavo,30
Dillon,69
Jamel,10
Lyman,31
Bill,23
Armand,27
Tristan,59
Perry,75
Preston,76
Lucien,20
Filiberto,14
Rafael,77
Clinton,5
Lindsey,78
Sonny,82
Tommy,6
Merlin,21
Timothy,30
Francesco,9
Edmund,33
Timothy,5
Delmer,51
Lyman,36
Pedro,26
Johnson,7
Shirley,63
Clarence,54
Leonel,20
Jon,99
Oren,77
Lou,95
Foster,105
Daron,36
Ferdinand,36
Millard,6
Ivory,15
Stephan,1
Troy,37
Casey,87
Scotty,3
Sylvester,43
Sang,34
Ervin,55
Jason,17
Rico,64
Monroe,59
Jarrod,1
Everett,49
Numbers,11
Duncan,13
Leslie,71
Guillermo,78
Lanny,38
Jordon,102
Terence,23
Ignacio,86
Isaac,52
Percy,60
Toby,96
Cory,40
Lazaro,87
Rocco,24
Kris,79
Eddie,98
Jewel,68
Wiley,101
Leonard,29
Jerrold,18
Manual,100
Russel,10
Ray,36
Deon,43
Dick,19
Donovan,83
Dominic,44
Tracy,52
Marco,5
Booker,15
Lionel,16
Alonzo,74
Jed,14
Stewart,1
Elton,22
Branden,89
Johnnie,73
Danial,76
Willian,43
Nestor,31
Chuck,9
Earnest,59
Jake,8
Odis,3
Brandon,13
Brock,100
Angel,60
Sammie,24
Titus,79
Maxwell,102
Lance,8
Dwight,66
Carmelo,85
Antony,18
Lindsey,27
Carroll,98
Joe,63
Hank,70
Valentine,81
Lemuel,57
Wiley,56
Wilber,53
Coleman,61
Ignacio,60
Ahmed,70
Granville,23
Wendell,8
Terrence,43
Hosea,79
Isidro,47
Richard,91
Marcos,14
Norbert,70
Logan,93
Bryce,34
Tory,102
Jerold,19
Rogelio,23
Malcom,75
Bart,75
Domenic,88
Dustin,60
Arden,38
Clifton,1
Casey,11
Neil,69
Rupert,84
Franklin,9
Darwin,63
Miguel,10
Ronny,23
Ellsworth,47
Brock,67
Earle,9
Dong,26
King,33
Theron,73
Harland,38
Nolan,80
Lonny,33
Faustino,24
Tyree,1
Jerrell,95
Homer,53
Long,32
Chadwick,76
Pedro,36
Willy,87
Jamaal,32
Ahmed,52
Moshe,101
Dewayne,61
Fermin,4
Buster,24
Thomas,53
Shayne,18
Trenton,94
Forest,67
Dallas,63
Reed,81
Emmitt,28
Ulysses,51
Mel,55
Terence,53
Milford,103
Jamal,89
Major,93
Rodney,6
Winford,52
Quinn,14
Bennett,21
Kevin,4
Wilbert,4
Mohamed,79
Corey,58
Bud,20
Nickolas,97
German,3
Tyson,88
Calvin,38
Barton,64
Austin,64
Jared,100
Alan,76
Morris,60
Blake,23
Ahmad,5
Keenan,17
Jordon,76
Gino,66
Johnny,24
Sydney,94
Lou,62
Kieth,18
Cyrus,99
Rene,45
Shaun,60
Osvaldo,85
Adrian,81
Malik,71
Tommie,29
Tyrell,77
Malik,9
Buford,100
Kristofer,100
Val,99
Michale,84
Christian,8
Ted,86
Cedrick,30
Ricardo,94
Ronnie,28
Dannie,55
Arden,81
Ross,1
Jack,39
Carol,61
Jamaal,77
Domingo,49
King,65
Cletus,12
Christoper,76
Kelley,100
Dean,69
Roberto,79
Brad,63
Abraham,88
Tomas,9
Weston,17
Cedric,74
Dick,105
Jamey,70
Ronnie,43
Rusty,11
Marcus,69
Daren,89
Ezequiel,34
Edmond,65
Luke,18
Sung,37
Logan,58
Carson,94
Mario,52
Walker,42
Dorian,22
Jonas,39
Emory,88
Fidel,25
Teddy,36
Marcelino,17
Blake,77
Elmer,60
Monroe,58
Damian,13
Dewitt,17
Riley,73
Garth,33
Earl,90
Chuck,83
Alfonso,27
Ryan,63
Harvey,2
Myron,7
Fritz,30
Rob,56
Raymundo,63
Jere,51
Benny,56
Darryl,18
Terry,72
William,33
Dee,2
Lesley,45
Jeremiah,76
Lucien,53
Emilio,11
Dudley,23
Newton,45
Milford,86
Shelton,67
Paul,20
Bryce,71
Dwight,23
Alvaro,53
Cordell,23
Seymour,10
Tristan,91
Dorian,71
Carol,63
Burton,3
Joel,90
Roland,17
Coy,39
Alfonso,78
Javier,16
Lloyd,97
Wyatt,22
Alphonso,89
Kelly,52
Caleb,29
Carmen,56
Vincenzo,90
Jorge,89
Mario,51
Jacques,50
Alejandro,96
Williams,24
Gavin,78
Frank,17
Cruz,99
Wm,5
Leif,92
Alvaro,82
Jake,39
Houston,17
Barry,100
Dan,28
Arturo,42
Vance,93
Valentine,39
Jamar,58
Dan,30
Tad,74
Johnie,11
Christian,57
Leslie,66
Vincenzo,67
Monte,76
Arnoldo,20
Stuart,5
Winston,24
Jesus,32
Benedict,39
Jarrett,31
Freeman,58
Gaston,103
Wayne,17
Alfred,66
Norman,58
Mitchell,66
Armand,11
Ezekiel,90
Emilio,82
Leonel,11
Alphonso,42
Dale,3
Deandre,3
Gerry,14
Rob,53
Fredrick,17
Gilbert,56
Freddie,30
Terrence,13
Denver,78
Federico,63
Markus,38
John,9
Wesley,72
Bobbie,47
Dudley,70
Marvin,49
Kory,65
Keven,49
Gabriel,33
James,46
Mohammad,90
Rocky,36
Truman,41
Wilton,22
Boyd,77
Wilford,34
Art,63
Neal,75
Erasmo,103
Reynaldo,28
Antone,91
Ervin,104
Efren,7
Zack,1
Sydney,78
Jeremy,41
Kevin,95
Arron,7
Whitney,59
Wayne,10
Chong,33
Galen,75
Geoffrey,85
Sherman,100
Waylon,22
Claude,13
Jamey,52
Jim,65
Alejandro,90
Raymundo,64
Howard,39
Jeromy,86
Kirk,104
Tomas,80
Teodoro,51
Drew,92
Leigh,90
Norman,29
Lincoln,2
Mark,46
Colton,50
Francis,37
Willy,57
Brooks,29
Stacey,8
Willard,27
Damon,53
Enoch,65
Isaiah,81
Bennett,65
Josh,32
Jonas,16
Freddie,24
Willard,23
Elden,61
Alphonso,9
Marlin,19
Eugene,101
Jc,62
Jose,81
Mauricio,19
Eldridge,15
Cornell,49
Gary,54
Gustavo,78
Franklin,16
Carlo,44
Terrell,82
Osvaldo,61
Norris,93
Jeffrey,86
Lino,27
Shon,103
Mikel,72
Walton,65
Darrick,14
Weston,64
Toby,75
Mauricio,79
Emanuel,87
Tyson,104
Joaquin,18
Darin,1
Alphonso,73
Weldon,28
Jamison,105
Genaro,83
Wilbur,17
Sonny,27
Shaun,95
Jamey,9
Billie,15
Felton,91
Boyd,47
Kieth,70
Fausto,32
Jorge,70
Israel,6
Solomon,3
Toby,10
Kory,11
Earle,37
Zack,64
Morris,36
Gonzalo,86
Salvatore,94
Elliot,3
Pasquale,35
Royce,59
Cyril,91
John,39
Jay,83
Frederick,30
Cletus,24
Willie,90
Saul,28
Ralph,92
Marion,48
Seth,99
Ivan,42
Steven,22
Taylor,65
Elden,14
Mack,36
Elmo,1
Jean,65
Collin,103
Angelo,11
Rupert,76
Bo,87
Ken,55
Marco,77
Casey,86
Garrett,50
Adalberto,89
Andre,87
Alonso,55
Jc,88
Yong,27
Ollie,93
Horacio,29
Dillon,100
Delmer,70
Valentine,40
Jimmie,27
Harrison,94
Winston,76
Terence,64
Allen,4
Edmundo,16
Kerry,31
Terrence,19
Mario,11
Reid,15
Micah,15
Alexis,59
Danilo,57
Jamal,15
Grant,26
Michale,21
Edison,14
Rayford,20
Abraham,39
Bert,88
Chang,43
Isreal,45
Deangelo,51
Keven,3
Hassan,63
Oscar,34
Aurelio,27
Nathaniel,78
Ned,34
Reed,99
Ariel,100
Randolph,79
Isreal,20
Daren,25
Leandro,76
Arnold,33
Bobby,102
Blaine,34
Robbie,22
Moshe,38
Eldridge,30
Loren,47
Alfred,62
Wesley,46
Louis,87
Stanton,21
Julian,26
Trinidad,27
Wilfred,31
Tracey,89
Reggie,59
Gustavo,2
Giovanni,90
Cesar,98
Rigoberto,55
Allen,10
Ambrose,31
Von,15
Christopher,89
Mohammad,54
Carter,98
Chester,67
Pat,89
Brady,40
Fritz,47
Milo,6
Omar,36
Stevie,76
Beau,50
Jed,79
Sidney,50
Floyd,85
Clark,41
Stuart,40
Trent,11
Winston,67
Emile,18
Doyle,57
Rusty,45
Steve,69
Rocco,80
Robt,105
Merle,100
Gene,25
Santo,50
Donn,82
Douglass,92
Stanley,42
Booker,16
Archie,53
Mose,26
Angel,91
Daniel,55
Marcelo,77
Alva,35
Ralph,97
Gerardo,53
Eldon,26
Richard,17
Mason,13
Dominick,87
Bradly,49
Mohamed,31
Jeramy,80
Shane,102
Mitchel,70
Wes,69
Christian,74
Gilbert,84
Mariano,102
Alberto,82
Jamey,2
Quincy,8
Miles,32
Maria,93
Kim,62
Eddie,39
Taylor,3
Mike,69
Fritz,41
Everett,22
Cortez,16
Tracey,99
Mike,34
Sal,49
Tyrell,35
Lester,49
Melvin,12
Bud,11
Mohammed,11
Trey,11
Jordon,10
Wilbert,12
Silas,65
Zackary,30
Lucien,14
Hans,60
Roy,35
Leopoldo,80
Elton,32
Hunter,93
Thanh,1
Marco,85
Lacy,35
Hilton,1
Fernando,60
Ian,79
Kermit,80
Wilber,56
Diego,47
Deon,95
Wallace,53
Rolland,103
Gale,73
Marcelo,80
Oswaldo,37
Seth,43
Gavin,29
Mikel,60
Bryce,103
Irwin,18
Van,25
Hung,104
Elliot,78
Russ,63
Myron,25
Nelson,100
Emory,51
Elbert,90
Ivan,71
Jack,78
Lupe,8
Jan,39
Santiago,9
Benjamin,21
Jon,55
Orval,30
Burl,45
Lonnie,12
Hai,22
Palmer,57
Theo,19
Guadalupe,35
Clemente,65
Isreal,30
Gaston,9
Carlo,72
Frank,26
Jordon,12
Jewell,49
Normand,51
Newton,60
Rayford,66
Harlan,37
Darnell,83
Buddy,8
Rodger,14
Ferdinand,18
Ricky,12
Kermit,22
Sammie,53
Terry,29
Winford,67
Lavern,32
Lenny,1
Boris,23
Olen,36
Maximo,92
Mary,3
Salvatore,57
Ken,78
Bill,25
Gaylord,5
Jc,37
Wayne,5
Mason,39
Leroy,13
Adrian,30
Nickolas,2
Luciano,66
Beau,35
Romeo,26
Hugh,64
Mickey,22
Hubert,56
Shawn,11
Wilbert,61
Lewis,55
Kelvin,100
Quincy,71
Anderson,3
Otha,101
Alonzo,42
Charley,98
Rodger,100
Victor,10
Bud,10
Johnie,85
Gale,82
Les,24
Richie,69
Colin,6
Ben,74
Ben,75
Johnson,90
Larry,82
Dong,84
Lazaro,73
Ahmed,28
Wiley,33
Reid,67
Gregg,100
Modesto,13
Marcelo,14
Kenny,45
Houston,27
Freddy,36
Cyril,16
Darron,77
Jamison,78
Jarod,3
Ramon,8
Armand,61
Bo,7
Saul,91
Bart,1
Mauricio,75
Van,35
Wilbert,32
Jody,42
Noe,42
Odis,49
Clint,26
Enrique,35
Reggie,59
Lazaro,26
Roderick,27
Erwin,104
Ambrose,25
Javier,5
Rafael,85
Emil,40
Dino,52
Luther,86
Ed,24
Luis,103
Jamal,67
Ward,41
Dario,94
Ethan,95
Weldon,9
Bryce,48
Shannon,97
Stanford,84
Gino,35
Daren,6
Erwin,15
Felton,67
Terry,63
Doyle,41
Dudley,13
Brant,46
George,29
Sherman,15
Jamaal,103
Ward,33
Quentin,91
Homer,36
Mel,52
Weldon,90
Wilburn,14
Brett,41
Vernon,21
Bill,4
Von,18
Maria,78
Dane,85
Wilford,41
Enrique,89
Heriberto,16
Jarrett,55
Whitney,23
Carey,102
Everett,54
Wilmer,67
Frederick,18
Ricky,27
Kenton,22
Otha,21
Emmanuel,38
Art,68
Gerald,1
Willy,20
Agustin,15
Jess,34
Laurence,92
Ronald,62
Tyrone,6
Ralph,79
Vince,49
Erin,62
Elvin,17
Rich,32
Hollis,96
Jerrold,81
Lemuel,80
Patrick,91
Nicky,23
Art,14
Wayne,49
Stuart,80
Val,2
Elbert,76
Arturo,57
Raul,98
Otis,52
Judson,90
Brenton,72
Waldo,39
Galen,4
Vernon,10
Jerold,99
Oswaldo,33
Buford,92
Rufus,9
Kevin,69
Zackary,69
Lou,92
Giovanni,104
Tracy,81
Leland,11
Ernie,73
Norris,54
Kory,26
Eric,67
Horace,21
Jordon,18
Forest,87
Willian,96
Abram,43
Ramiro,8
Garfield,46
Ryan,14
Quincy,66
Monty,62
Duane,95
Brady,65
Johnny,83
Noel,51
Clinton,11
Major,15
Johnson,49
Solomon,54
Moses,95
Cedric,93
Sanford,21
Samuel,78
Gregg,84
Irvin,70
Mohammad,48
Roberto,23
Abraham,16
Dominick,88
Everett,64
Hung,29
Gerry,95
Rex,70
Darrin,43
Dalton,79
Hollis,49
Jewell,104
Rich,97
Cruz,63
Joel,84
Rafael,73
Carmen,47
Jacinto,82
Lindsay,6
Jesus,56
Gaylord,57
King,40
Abram,66
Ulysses,95
Clarence,82
Lacy,5
Leif,75
Herschel,76
Parker,43
Moses,51
Louis,85
Frederic,101
Theo,79
Timmy,97
Daren,2
Jude,9
Davis,20
Leon,104
Jules,53
Joan,39
Boris,65
Brent,12
Emmitt,74
Major,70
Mathew,49
Mary,23
Abraham,104
Bernie,25
Randolph,87
Sterling,102
Emmitt,12
Moises,37
Rolland,102
Mose,57
Nick,55
Terrell,29
Dudley,99
Coy,88
Cole,33
Lindsey,15
Clay,10
Marquis,82
Preston,37
Gil,87
Dorian,70
Hollis,54
Chas,3
Frederic,9
Avery,47
Tad,4
Jan,1
Efren,56
Tristan,22
Prince,20
Guy,1
Jamie,95
Al,69
Roman,9
Blaine,99
Tad,7
Minh,93
Herschel,38
Jerald,8
Cristopher,78
Cordell,18
Cleveland,80
Johnny,99
Patricia,53
Tory,6
Kelley,22
Maynard,97
Harlan,86
Rory,73
Teodoro,24
Mack,8
Quincy,63
Fernando,33
Thad,48
Vaughn,35
Rhett,50
Norris,9
Efrain,67
Jeromy,45
Pablo,53
Willian,62
Marion,10
Chadwick,78
Quintin,9
Andre,93
Percy,105
Ahmed,31
Lamont,90
Jacob,102
Salvatore,10
Burt,88
Reggie,1
Ian,38
Ervin,86
Juan,34
Ariel,60
Isaac,56
Pierre,6
Leonard,95
Ellsworth,74
Pat,55
Jake,101
Noe,79
Keenan,91
Luciano,67
Emery,74
Garrett,31
Ned,64
Randal,15
Leland,3
Michale,35
Edward,101
Rob,6
Wes,68
Tyrone,10
Thad,32
Cyril,51
Darnell,1
Doug,60
Galen,33
Abram,51
Arron,96
Quentin,35
Lenny,19
Troy,93
Coleman,79
Duane,89
Percy,64
Arturo,21
Kieth,51
Wilbur,73
Timothy,22
Antione,24
Toby,63
Nathanial,28
Leonel,39
Reynaldo,50
Jarod,53
Oscar,38
Clair,104
Milford,69
Gordon,50
Kris,38
Booker,73
Deangelo,88
Clair,94
Antonio,3
Jordan,69
Bart,36
Von,25
Lyman,89
Herschel,16
Saul,69
Haywood,43
Graig,82
Lyle,76
Ezequiel,80
Darwin,37
Burton,24
Calvin,80
Delmer,32
Rex,10
Gerry,27
Ivory,48
Dorian,84
Harrison,96
Mervin,99
Nathanial,25
Guillermo,33
Efren,59
Broderick,53
Young,71
Samuel,6
Benjamin,13
Willis,24
Forest,49
Branden,42
Irwin,62
Johnson,93
Alphonse,70
Man,60
Murray,51
Blake,8
Lonnie,79
Malcom,69
Derrick,88
Devon,17
Abel,59
Brandon,70
Miles,70
Chase,74
Julius,37
Edgar,16
Jed,43
Dustin,27
Rory,74
Alfonso,22
Alonso,18
Mark,87
Rene,43
Johnnie,12
Antoine,77
Carmelo,12
Keneth,5
Buddy,26
Gaston,1
Virgilio,14
Young,22
Javier,12
Zackary,25
Mathew,80
Rodney,14
Mohamed,81
Efrain,89
Daniel,36
Jarred,94
Warren,87
Odis,72
Charlie,38
Williams,104
Colin,94
Arnulfo,25
Jospeh,19
Linwood,58
Jonas,98
Lynwood,15
Federico,14
Devin,36
Sandy,42
Dane,87
Mauro,22
Alonzo,39
Fabian,60
Christopher,91
Long,75
Emmitt,68
Marlon,105
Chadwick,30
Jared,49
Benedict,76
Claud,20
Ricky,4
Shad,56
Shad,95
Lawrence,3
Courtney,87
Aurelio,70
Sherman,10
Berry,99
Leon,84
Tristan,21
Brendan,65
Casey,95
Lyle,40
Andreas,72
Clark,101
Anthony,93
Elbert,24
Dorsey,102
Josh,83
Val,57
Major,99
Nicolas,91
Gavin,26
Porter,68
Tracey,71
Russell,92
Juan,24
Jerrell,54
Hubert,78
Guillermo,94
Don,103
Renaldo,32
Luis,77
Mark,28
Milford,105
Chuck,67
Erwin,75
Harry,44
Sheldon,36
Ned,46
Orville,33
Kieth,66
Britt,13
Ferdinand,84
Adan,99
Cletus,54
Hayden,97
Vance,67
Ronny,91
Otha,60
Shirley,101
Reginald,85
Burl,45
Mckinley,59
Gerry,23
Everett,13
Zachariah,1
Rashad,47
Floyd,63
Duncan,22
Rashad,6
Humberto,35
Melvin,26
Lou,87
Loyd,86
Leonardo,17
Salvador,39
Joan,62
Antwan,86
Francisco,5
Carlos,16
Kenton,31
German,4
Bennie,34
Jarrett,86
Rex,3
Domenic,21
Clark,53
Rufus,76
Darren,85
Gerald,36
Scott,49
Willis,13
Boyce,71
Quinn,19
Charlie,7
Keneth,33
Richie,105
Tyson,47
Eldridge,79
Bret,12
Cristopher,96
Donovan,105
Rico,42
Marc,76
Francesco,100
Lucius,79
Malcom,84
Roland,78
Gabriel,104
Harvey,95
Jacob,34
Basil,92
Bruno,47
Pablo,11
Ramiro,37
Gabriel,53
Lauren,27
Manuel,80
Mariano,4
Sang,37
Fidel,2
Hans,38
Eli,51
Arlen,68
Johnie,65
Mario,45
Clair,3
Felton,105
Elmo,60
Darwin,39
Marco,82
Lucio,81
Randal,96
Quincy,7
Irvin,14
Edmund,65
Jamey,33
Gerardo,21
Erwin,27
Clint,2
Jeffry,95
Porter,52
Alan,90
Raymon,97
Olin,45
Connie,91
Reuben,56
Valentine,57
Ellis,85
Adolfo,95
Norberto,90
Bradford,36
Gilbert,56
Damian,53
Marquis,44
Florentino,72
Florencio,69
Jae,33
Dylan,76
Erwin,32
Federico,6
Santiago,60
Shaun,8
Graham,75
Reginald,11
Sheldon,105
Jess,29
Maurice,74
Lawerence,49
Dong,62
Newton,102
Nathanael,13
Andreas,49
Joe,66
Adam,13
Dominick,37
Colby,63
Wesley,41
Chad,8
Alonzo,11
Amado,90
Abel,5
Ollie,23
Fred,105
Dwayne,17
Emmanuel,73
Vern,92
Steven,79
Ahmad,91
Loren,22
Nathanial,75
Victor,93
Duncan,38
Leandro,59
Arturo,45
Israel,92
Everett,94
Hubert,38
Hilario,79
Kerry,90
Bryan,31
Sung,77
Enoch,11
Tommy,1
Modesto,29
Domingo,26
Timothy,86
Val,18
Alfredo,7
Adolph,97
Arthur,6
Darius,23
August,81
Horace,20
Gaston,3
Alan,67
Boris,97
Harrison,67
Bennett,54
Noble,102
Tracy,52
Granville,85
Lorenzo,79
Marquis,98
Geoffrey,76
Rickey,84
Elias,2
Desmond,40
Gil,57
Malcom,2
Trent,48
Sergio,102
Noel,12
Rich,23
Erasmo,51
Santiago,32
Rogelio,93
Miguel,68
Harris,104
Donny,67
Lauren,49
Hunter,104
Sergio,68
Kermit,16
Leopoldo,31
Basil,82
Mario,28
Alfredo,81
Harold,43
Myles,14
Joshua,64
Clyde,90
Nathanial,27
Rayford,90
Nathaniel,5
Will,93
Bruce,68
Kelley,91
Cecil,95
Jerrell,38
Bruno,91
Jed,65
Walton,12
Hong,53
Nelson,19
Andre,7
Adolph,46
Cristobal,84
Danial,48
Britt,14
Joesph,62
Derek,56
Earl,49
Leopoldo,105
Shane,42
Brian,74
Jermaine,4
Joan,42
Ronnie,10
Royal,96
Clair,1
Darrell,85
Tyrone,83
Timmy,102
Darin,42
Daniel,10
Moshe,81
Phil,48
Everette,79
Emery,17
Aron,81
Jamal,43
Dominique,101
Nathan,58
Johnathan,30
Arturo,64
Millard,66
Stephan,36
Levi,61
Derick,65
Lenny,82
Jude,77
Alden,17
Warren,35
Wilber,63
Dong,95
Pete,90
Robt,43
Elisha,20
Hans,86
Derrick,13
Stevie,72
Nathanial,90
Dwight,90
Chas,1
Wilton,12
Raymundo,35
Napoleon,94
Emil,40
Heath,18
Sammy,20
Drew,56
Tyree,97
Judson,63
Tomas,16
Brice,98
Tim,25
Zachery,49
Trevor,60
Alphonse,58
Son,74
Keenan,93
Charles,11
Jc,61
William,26
Roberto,36
Scottie,101
Arlen,95
Adolfo,22
Osvaldo,28
Sam,62
Burl,25
Michael,24
Garret,58
Aurelio,68
Jon,39
Wilfred,87
Jon,25
Seymour,41
Sammie,76
Abel,80
Marcelino,99
Casey,65
Steven,93
Lou,21
Todd,47
Dorsey,38
Roy,21
Hubert,11
Dana,89
Jay,67
Jeromy,99
Damon,55
Norman,25
Franklin,79
Roderick,28
Erin,101
Chauncey,68
Brent,65
Kendrick,8
Ira,6
Santiago,16
Everette,3
Bennie,29
Moshe,4
Jospeh,44
Sebastian,68
Winford,64
Nathaniel,84
Odis,16
Lemuel,45
Domingo,12
Lucio,22
Marcelo,60
Cyrus,38
Hiram,88
Brady,70
Bobbie,49
Hector,35
Joaquin,53
Willie,36
Antoine,73
Albert,80
Nicholas,58
Kenneth,69
Rhett,77
Bennie,4
Frances,16
Brandon,51
Efrain,54
Luciano,78
Pasquale,32
Thaddeus,104
Johnathon,72
Theo,52
Emmitt,100
Danny,85
Alec,34
Monty,36
Rich,93
Augustine,27
Monroe,37
Doyle,19
Brett,2
Ramon,26
Lamar,105
Kraig,17
Randall,93
Johnnie,4
Jared,52
Jewel,49
Michel,54
Shannon,74
Roman,15
Leandro,82
Claud,89
Lorenzo,49
Rafael,34
Clint,1
Desmond,83
Darrick,55
Enoch,87
Jamar,20
Coy,96
Kris,36
Alberto,77
Dudley,57
Adrian,26
Ivory,67
Granville,2
Deon,91
Devin,45
Felton,13
Ferdinand,81
Stephen,34
Sylvester,29
Jonathan,1
Rene,69
Lenard,101
Eddie,60
Elmer,59
Desmond,53
Doug,53
Dewitt,26
Dwain,1
Ariel,18
Vito,55
Tommie,93
Edgardo,88
Sandy,30
Aaron,45
Stuart,3
Lupe,6
Earle,101
Jefferson,62
Toby,27
Ron,35
Eliseo,15
Dorsey,10
Anthony,78
Hoyt,63
Wally,75
Carl,52
Neil,64
Buford,50
Myles,13
Conrad,87
Reid,33
Jae,19
Michel,16
Osvaldo,36
Matt,10
Bernardo,13
Milo,9
Clarence,20
Jaime,29
Romeo,71
Ken,26
Elroy,70
Jamal,22
Forest,60
Bobbie,36
Rigoberto,2
Logan,62
Oswaldo,29
Benito,33
August,47
Warner,75
William,39
Malik,60
Noel,88
Merlin,56
Maximo,97
Fritz,11
Santos,54
Hubert,18
Marlin,43
Leroy,43
Javier,10
Irving,90
Leonard,39
Murray,59
Charles,99
Wally,66
Joseph,21
Ernie,93
Renaldo,51
Jewell,61
Russ,24
Beau,2
Art,92
Rogelio,56
Efren,22
Marcel,13
Lindsey,56
Cesar,6
Armand,19
Len,66
Gino,67
Tanner,50
Marcos,38
Vincenzo,32
Galen,2
Lawerence,55
Agustin,39
Major,63
Tom,68
Ethan,35
Randell,8
Jarrod,80
Santos,57
Warner,16
Foster,82
Kip,49
Emory,105
Bradley,48
Seth,44
Tommy,40
Evan,105
Isaac,78
Nathaniel,24
Frederic,28
Gustavo,61
Maynard,49
Rene,44
Terrance,15
Winston,81
Tim,14
Rosendo,9
Solomon,51
Kennith,4
Rodger,22
Rosario,21
Silas,35
Devon,34
Danilo,77
Hai,86
Burton,57
Alphonse,91
Jeremy,35
Claudio,54
Gregory,20
Dee,7
Sheldon,18
Denny,56
Ambrose,84
Dante,85
Duncan,23
Salvador,79
Mitch,48
Andre,10
Frank,3
Ike,63
Austin,36
Burton,65
Gail,56
Wilburn,32
Darron,75
Rudolph,16
Roger,88
Linwood,93
Toby,67
Glen,40
Malik,68
Earle,98
Clifton,23
Jonathan,19
Simon,62
Len,48
Marquis,61
Ryan,51
Willy,83
Louie,75
Eddy,20
Toby,83
Brendon,98
Lionel,102
Cornelius,60
Bo,5
Earnest,7
Sol,95
Carl,45
Kenny,76
Curt,56
Palmer,56
Elias,98
Bill,27
Ezequiel,21
Zachariah,102
Eldon,24
Terrell,40
Jody,39
Clemente,89
Kelly,81
Bill,89
Alexander,93
Connie,92
Tyron,30
Ned,104
Norman,60
Eric,104
Raymundo,12
Willy,16
Reuben,58
Leland,71
Gustavo,97
Theodore,84
Shannon,40
Gonzalo,36
Bruno,6
Eusebio,38
Carey,11
Domingo,73
Dewey,1
Thad,39
Darrel,88
Francisco,92
Darnell,29
Enoch,74
Edmund,70
August,3
Ben,31
Dean,28
Corey,67
Gene,93
John,77
Dusty,4
Cornell,95
Richie,50
Genaro,73
Rudy,99
Irwin,51
Trevor,82
Johnny,86
Antione,25
Emile,5
Harley,50
Napoleon,89
Sanford,28
Burton,75
Mickey,39
Lance,78
Ignacio,84
Roscoe,96
Shelton,92
Otto,97
Milton,101
Bradley,1
Burt,98
Rodrick,95
Theodore,37
Harold,3
Robt,66
Darius,73
Danial,20
Andreas,98
Marvin,14
Isaiah,38
Brendon,78
Mickey,30
Elliot,101
Markus,68
Charles,81
Deangelo,15
Porter,29
Pierre,50
Marquis,39
Colin,44
Ollie,105
Frances,37
Antonio,36
Cory,75
Cordell,79
Guy,105
Jorge,43
Whitney,64
Hugh,92
Andy,104
Tyrone,92
Ward,94
Stevie,48
Kurt,63
Malcolm,32
Dudley,73
Gino,1
Vern,50
Norbert,16
Leroy,102
Brian,104
Alvin,27
Bobby,26
Leslie,33
Garfield,30
Trinidad,42
Seymour,42
Arthur,105
Lowell,81
Jared,48
Ryan,93
Roscoe,37
Orlando,94
Dustin,78
Wyatt,90
Landon,1
Kevin,39
Earle,64
Garland,38
Winston,54
Marc,77
Sammy,78
Tristan,45
Jesse,43
Richie,71
Kieth,28
Pedro,63
Henry,26
Wilbur,30
Jewell,26
Grady,8
Gary,102
Cornell,40
Stewart,12
Howard,24
Sherman,34
Guillermo,105
Lonny,11
Von,28
Efrain,86
Merrill,37
Rich,87
Leandro,91
Ira,10
Freddy,8
Emmett,13
Jared,41
Johnathon,70
Brad,104
Bob,32
Hiram,33
Reid,54
Efrain,62
Augustus,39
Davis,2
Bruce,93
Dante,53
Irvin,22
Claud,9
Efrain,88
Ray,45
Nicholas,31
Carrol,56
Maria,44
Virgilio,46
Donte,14
Percy,93
Mark,28
Charlie,40
Dominique,35
Everett,38